{
  "Linear Regression": {
    "MAE": 1.0255339189962656,
    "RMSE": 1.8954255091470245,
    "R\u00b2": 0.3210323268020885
  },
  "Random Forest": {
    "MAE": 1.0034833149849867,
    "RMSE": 1.904607095724355,
    "R\u00b2": 0.31443845177741014
  },
  "XGBoost": {
    "MAE": 1.0329782962799072,
    "RMSE": 1.9434040784835815,
    "R\u00b2": 0.2862240672111511
  }
}